b_id,Name of books,Author
b_1,Best Python Books for Beginners,Dwayne Johnson
b_2,Best Python Book for Beginners: Python Crash Course,Eric Matthews
b_3,"Automate the Boring Stuff with Python, 2nd Edition: Practical Programming for Total Beginners",Al Sweigart
b_4,Best Book for Job Interview Prep: Elements of Programming Interviews in Python: The Insiders' Guide ,Adnan Aziz
b_5,Learn Python in One Day and Learn It Well (2nd Edition),Jamie Chan
b_6,Python for Beginners: Learn Python Programming With No Coding Experience in 7 Days,Santos Ozoemena
b_7,Learning with Python: How to Think Like a Computer Scientist,Allen Downey
b_8,Best Free Python Book: A Byte of Python,C.H. Swaroop
b_9,Best Python Programming Books for Advanced Programmers,Tony Stark
b_10,Introduction to Machine Learning with Python: A Guide for Data Scientists,"Sarah Guido, Andreas C. Muller"
b_11,"Best Advanced Python Book: Fluent Python: Clear, Concise, and Effective Programming",Luciano Ramalho
b_12,Python Cookbook: Recipes for Mastering Python 3,"David Beazley, Brian K. Jones"
b_13,Programming Python: Powerful Object-Oriented Programming,Mark Lutz
b_14,Best Book for Practical Learning: Learn Python the Hard Way (3rd Edition),Zed A. Shaw
b_15,Best Python Books for Kids,Mark Ruffalo
b_16,Best Python Book for Children: Python for Kids,Jason R. Briggs
b_17,Coding Projects in Python,DK
b_18,Python in Easy Steps,Mike McGrath
b_19,Coding For Kids: Python: Learn to Code with 50 Awesome Games and Activities,Adrienne Tacke
b_20,"Creative Coding in Python: 30+ Programming Projects in Art, Games, and More",Sheena Vaidyanathan
